{"global_step": 26500, "_timestamp": 1704218100.696982, "eval_episode/length": 54.0, "eval_episode/score": 2.0999999046325684, "eval_episode/reward_rate": 0.9818181991577148, "_runtime": 266.05574202537537, "_step": 0}