{"global_step": 24300, "_timestamp": 1704218104.3694, "eval_episode/length": 118.0, "eval_episode/score": 3.0999999046325684, "eval_episode/reward_rate": 0.9663865566253662, "_runtime": 247.95678400993347, "_step": 0}